{
  "overall": {
    "ast": {
      "precision": 0.4085105996141572,
      "recall": 0.8088610896997794,
      "ndcg": 0.8032063134084525
    },
    "fixed": {
      "precision": 0.3906090097273522,
      "recall": 0.9052471207813131,
      "ndcg": 0.875196140242251
    },
    "improvement": {
      "ndcg": -8.225564936092153,
      "precision": 4.582994616355738,
      "recall": -10.647482755685925
    }
  },
  "perRepo": {
    "amazon-science_patchcore-inspection": {
      "ast": {
        "precision": 0.3687500000000002,
        "recall": 0.5598958333333331,
        "ndcg": 0.4580709423990444
      },
      "fixed": {
        "precision": 0.36875000000000013,
        "recall": 0.7916666666666669,
        "ndcg": 0.6553105318148029
      }
    },
    "deepmind_tracr": {
      "ast": {
        "precision": 0.486301369863014,
        "recall": 0.8163242009132421,
        "ndcg": 0.8419640173697137
      },
      "fixed": {
        "precision": 0.4369863013698633,
        "recall": 0.887557077625571,
        "ndcg": 0.8929115671926771
      }
    },
    "facebookresearch_omnivore": {
      "ast": {
        "precision": 0.4545454545454545,
        "recall": 0.9727272727272727,
        "ndcg": 0.9565538009488336
      },
      "fixed": {
        "precision": 0.409090909090909,
        "recall": 1,
        "ndcg": 0.9704301260675954
      }
    },
    "google_lightweight_mmm": {
      "ast": {
        "precision": 0.4562499999999998,
        "recall": 0.7968749999999999,
        "ndcg": 0.826665082123236
      },
      "fixed": {
        "precision": 0.44062499999999993,
        "recall": 0.9049479166666665,
        "ndcg": 0.9115095984911897
      }
    },
    "lucidrains_imagen-pytorch": {
      "ast": {
        "precision": 0.43283582089552236,
        "recall": 0.7509950248756219,
        "ndcg": 0.7683405163251834
      },
      "fixed": {
        "precision": 0.4358208955223882,
        "recall": 0.8631840796019902,
        "ndcg": 0.8413018556070913
      }
    },
    "maxhumber_redframes": {
      "ast": {
        "precision": 0.25238095238095243,
        "recall": 0.9563492063492063,
        "ndcg": 0.9676435212847041
      },
      "fixed": {
        "precision": 0.2523809523809524,
        "recall": 0.9841269841269842,
        "ndcg": 0.9797131622801496
      }
    }
  },
  "config": {
    "k": 5,
    "maxChunkSize": 1800
  },
  "timestamp": "2025-12-18T11:51:15.982Z"
}