{
  "overall": {
    "ast": {
      "precision": 0.44043142121628115,
      "recall": 0.7901485359046917,
      "ndcg": 0.7887250174050648
    },
    "fixed": {
      "precision": 0.38643726482262825,
      "recall": 0.8020115243150858,
      "ndcg": 0.7955083051714733
    },
    "improvement": {
      "ndcg": -0.8526985478732763,
      "precision": 13.972295456142358,
      "recall": -1.4791543576041584
    }
  },
  "perRepo": {
    "amazon-science_patchcore-inspection": {
      "ast": {
        "precision": 0.3562500000000002,
        "recall": 0.5912202380952377,
        "ndcg": 0.45761152842434316
      },
      "fixed": {
        "precision": 0.20625000000000004,
        "recall": 0.3041666666666667,
        "ndcg": 0.24082587474551942
      }
    },
    "deepmind_tracr": {
      "ast": {
        "precision": 0.5301369863013699,
        "recall": 0.762589693411611,
        "ndcg": 0.8131430157792361
      },
      "fixed": {
        "precision": 0.49041095890410985,
        "recall": 0.8655251141552511,
        "ndcg": 0.8898297801616333
      }
    },
    "facebookresearch_omnivore": {
      "ast": {
        "precision": 0.5181818181818181,
        "recall": 0.9346320346320347,
        "ndcg": 0.9490960812876071
      },
      "fixed": {
        "precision": 0.4454545454545453,
        "recall": 0.9818181818181819,
        "ndcg": 0.9705187127501573
      }
    },
    "google_lightweight_mmm": {
      "ast": {
        "precision": 0.50625,
        "recall": 0.7622395833333334,
        "ndcg": 0.8087873558925087
      },
      "fixed": {
        "precision": 0.4531249999999999,
        "recall": 0.8515625,
        "ndcg": 0.8737155798060584
      }
    },
    "lucidrains_imagen-pytorch": {
      "ast": {
        "precision": 0.47462686567164175,
        "recall": 0.7437810945273627,
        "ndcg": 0.7540130286433294
      },
      "fixed": {
        "precision": 0.4567164179104477,
        "recall": 0.8228855721393036,
        "ndcg": 0.8151375332666849
      }
    },
    "maxhumber_redframes": {
      "ast": {
        "precision": 0.2571428571428572,
        "recall": 0.9464285714285714,
        "ndcg": 0.9496990944033648
      },
      "fixed": {
        "precision": 0.26666666666666666,
        "recall": 0.9861111111111113,
        "ndcg": 0.9830223502987859
      }
    }
  },
  "config": {
    "k": 5,
    "maxChunkSize": 1500
  },
  "timestamp": "2025-12-18T11:44:16.723Z"
}